C:\Users\Marcelo\Documents\CERTERO-TinySmartCar\src-python\DataCollection\DataCollected/IMG0\Image_1667056266628236.jpg,0.0
C:\Users\Marcelo\Documents\CERTERO-TinySmartCar\src-python\DataCollection\DataCollected/IMG0\Image_1667056266647396.jpg,0.0
C:\Users\Marcelo\Documents\CERTERO-TinySmartCar\src-python\DataCollection\DataCollected/IMG0\Image_1667056266667791.jpg,0.0
C:\Users\Marcelo\Documents\CERTERO-TinySmartCar\src-python\DataCollection\DataCollected/IMG0\Image_1667056266689033.jpg,0.0
C:\Users\Marcelo\Documents\CERTERO-TinySmartCar\src-python\DataCollection\DataCollected/IMG0\Image_1667056266739586.jpg,0.0
C:\Users\Marcelo\Documents\CERTERO-TinySmartCar\src-python\DataCollection\DataCollected/IMG0\Image_166705626675372.jpg,0.0
C:\Users\Marcelo\Documents\CERTERO-TinySmartCar\src-python\DataCollection\DataCollected/IMG0\Image_1667056266773938.jpg,0.0
C:\Users\Marcelo\Documents\CERTERO-TinySmartCar\src-python\DataCollection\DataCollected/IMG0\Image_1667056266812337.jpg,0.0
C:\Users\Marcelo\Documents\CERTERO-TinySmartCar\src-python\DataCollection\DataCollected/IMG0\Image_1667056266844502.jpg,0.0
C:\Users\Marcelo\Documents\CERTERO-TinySmartCar\src-python\DataCollection\DataCollected/IMG0\Image_1667056266857859.jpg,0.0
C:\Users\Marcelo\Documents\CERTERO-TinySmartCar\src-python\DataCollection\DataCollected/IMG0\Image_1667056266871113.jpg,0.0
C:\Users\Marcelo\Documents\CERTERO-TinySmartCar\src-python\DataCollection\DataCollected/IMG0\Image_1667056266900831.jpg,0.0
C:\Users\Marcelo\Documents\CERTERO-TinySmartCar\src-python\DataCollection\DataCollected/IMG0\Image_1667056266917224.jpg,0.0
C:\Users\Marcelo\Documents\CERTERO-TinySmartCar\src-python\DataCollection\DataCollected/IMG0\Image_1667056266943225.jpg,0.0
C:\Users\Marcelo\Documents\CERTERO-TinySmartCar\src-python\DataCollection\DataCollected/IMG0\Image_1667056266986922.jpg,0.0
C:\Users\Marcelo\Documents\CERTERO-TinySmartCar\src-python\DataCollection\DataCollected/IMG0\Image_1667056267016302.jpg,0.0
C:\Users\Marcelo\Documents\CERTERO-TinySmartCar\src-python\DataCollection\DataCollected/IMG0\Image_1667056267043882.jpg,0.0
C:\Users\Marcelo\Documents\CERTERO-TinySmartCar\src-python\DataCollection\DataCollected/IMG0\Image_1667056267080153.jpg,0.0
C:\Users\Marcelo\Documents\CERTERO-TinySmartCar\src-python\DataCollection\DataCollected/IMG0\Image_1667056267105466.jpg,-0.18
C:\Users\Marcelo\Documents\CERTERO-TinySmartCar\src-python\DataCollection\DataCollected/IMG0\Image_1667056267151054.jpg,-0.18
C:\Users\Marcelo\Documents\CERTERO-TinySmartCar\src-python\DataCollection\DataCollected/IMG0\Image_166705626720967.jpg,-0.19
C:\Users\Marcelo\Documents\CERTERO-TinySmartCar\src-python\DataCollection\DataCollected/IMG0\Image_1667056267241665.jpg,-0.22
C:\Users\Marcelo\Documents\CERTERO-TinySmartCar\src-python\DataCollection\DataCollected/IMG0\Image_1667056267278667.jpg,-0.22
C:\Users\Marcelo\Documents\CERTERO-TinySmartCar\src-python\DataCollection\DataCollected/IMG0\Image_1667056267299966.jpg,-0.22
C:\Users\Marcelo\Documents\CERTERO-TinySmartCar\src-python\DataCollection\DataCollected/IMG0\Image_1667056267324189.jpg,-0.25
C:\Users\Marcelo\Documents\CERTERO-TinySmartCar\src-python\DataCollection\DataCollected/IMG0\Image_1667056267348556.jpg,-0.29
C:\Users\Marcelo\Documents\CERTERO-TinySmartCar\src-python\DataCollection\DataCollected/IMG0\Image_1667056267373568.jpg,-0.35
C:\Users\Marcelo\Documents\CERTERO-TinySmartCar\src-python\DataCollection\DataCollected/IMG0\Image_1667056267391573.jpg,-0.35
C:\Users\Marcelo\Documents\CERTERO-TinySmartCar\src-python\DataCollection\DataCollected/IMG0\Image_1667056267419563.jpg,-0.35
C:\Users\Marcelo\Documents\CERTERO-TinySmartCar\src-python\DataCollection\DataCollected/IMG0\Image_1667056267447363.jpg,-0.4
C:\Users\Marcelo\Documents\CERTERO-TinySmartCar\src-python\DataCollection\DataCollected/IMG0\Image_166705626747583.jpg,-0.45
C:\Users\Marcelo\Documents\CERTERO-TinySmartCar\src-python\DataCollection\DataCollected/IMG0\Image_1667056267495036.jpg,-0.45
C:\Users\Marcelo\Documents\CERTERO-TinySmartCar\src-python\DataCollection\DataCollected/IMG0\Image_166705626767801.jpg,-0.45
C:\Users\Marcelo\Documents\CERTERO-TinySmartCar\src-python\DataCollection\DataCollected/IMG0\Image_1667056267703019.jpg,-0.5
C:\Users\Marcelo\Documents\CERTERO-TinySmartCar\src-python\DataCollection\DataCollected/IMG0\Image_1667056267752266.jpg,-0.5
C:\Users\Marcelo\Documents\CERTERO-TinySmartCar\src-python\DataCollection\DataCollected/IMG0\Image_1667056267777037.jpg,0.0
C:\Users\Marcelo\Documents\CERTERO-TinySmartCar\src-python\DataCollection\DataCollected/IMG0\Image_1667056267802262.jpg,0.0
C:\Users\Marcelo\Documents\CERTERO-TinySmartCar\src-python\DataCollection\DataCollected/IMG0\Image_1667056267894326.jpg,0.0
C:\Users\Marcelo\Documents\CERTERO-TinySmartCar\src-python\DataCollection\DataCollected/IMG0\Image_1667056267969735.jpg,0.0
C:\Users\Marcelo\Documents\CERTERO-TinySmartCar\src-python\DataCollection\DataCollected/IMG0\Image_1667056268068318.jpg,0.0
C:\Users\Marcelo\Documents\CERTERO-TinySmartCar\src-python\DataCollection\DataCollected/IMG0\Image_1667056268168327.jpg,0.0
C:\Users\Marcelo\Documents\CERTERO-TinySmartCar\src-python\DataCollection\DataCollected/IMG0\Image_1667056268268716.jpg,0.0
C:\Users\Marcelo\Documents\CERTERO-TinySmartCar\src-python\DataCollection\DataCollected/IMG0\Image_1667056268369435.jpg,0.0
C:\Users\Marcelo\Documents\CERTERO-TinySmartCar\src-python\DataCollection\DataCollected/IMG0\Image_1667056268443647.jpg,0.0
C:\Users\Marcelo\Documents\CERTERO-TinySmartCar\src-python\DataCollection\DataCollected/IMG0\Image_1667056268560057.jpg,0.0
C:\Users\Marcelo\Documents\CERTERO-TinySmartCar\src-python\DataCollection\DataCollected/IMG0\Image_1667056268648819.jpg,0.0
C:\Users\Marcelo\Documents\CERTERO-TinySmartCar\src-python\DataCollection\DataCollected/IMG0\Image_1667056268765996.jpg,0.0
C:\Users\Marcelo\Documents\CERTERO-TinySmartCar\src-python\DataCollection\DataCollected/IMG0\Image_1667056268845321.jpg,0.0
C:\Users\Marcelo\Documents\CERTERO-TinySmartCar\src-python\DataCollection\DataCollected/IMG0\Image_1667056268970617.jpg,0.0
C:\Users\Marcelo\Documents\CERTERO-TinySmartCar\src-python\DataCollection\DataCollected/IMG0\Image_1667056269055506.jpg,0.0
C:\Users\Marcelo\Documents\CERTERO-TinySmartCar\src-python\DataCollection\DataCollected/IMG0\Image_1667056269156681.jpg,0.12
C:\Users\Marcelo\Documents\CERTERO-TinySmartCar\src-python\DataCollection\DataCollected/IMG0\Image_1667056269249995.jpg,0.16
C:\Users\Marcelo\Documents\CERTERO-TinySmartCar\src-python\DataCollection\DataCollected/IMG0\Image_1667056269362158.jpg,0.19
C:\Users\Marcelo\Documents\CERTERO-TinySmartCar\src-python\DataCollection\DataCollected/IMG0\Image_1667056269452334.jpg,0.25
C:\Users\Marcelo\Documents\CERTERO-TinySmartCar\src-python\DataCollection\DataCollected/IMG0\Image_1667056269544355.jpg,0.0
C:\Users\Marcelo\Documents\CERTERO-TinySmartCar\src-python\DataCollection\DataCollected/IMG0\Image_1667056269644207.jpg,0.0
C:\Users\Marcelo\Documents\CERTERO-TinySmartCar\src-python\DataCollection\DataCollected/IMG0\Image_1667056269759217.jpg,0.0
C:\Users\Marcelo\Documents\CERTERO-TinySmartCar\src-python\DataCollection\DataCollected/IMG0\Image_1667056269897337.jpg,0.0
C:\Users\Marcelo\Documents\CERTERO-TinySmartCar\src-python\DataCollection\DataCollected/IMG0\Image_1667056269957332.jpg,0.0
C:\Users\Marcelo\Documents\CERTERO-TinySmartCar\src-python\DataCollection\DataCollected/IMG0\Image_1667056270059337.jpg,0.0
C:\Users\Marcelo\Documents\CERTERO-TinySmartCar\src-python\DataCollection\DataCollected/IMG0\Image_1667056270163337.jpg,0.0
C:\Users\Marcelo\Documents\CERTERO-TinySmartCar\src-python\DataCollection\DataCollected/IMG0\Image_1667056270258342.jpg,0.0
C:\Users\Marcelo\Documents\CERTERO-TinySmartCar\src-python\DataCollection\DataCollected/IMG0\Image_1667056270371696.jpg,0.0
C:\Users\Marcelo\Documents\CERTERO-TinySmartCar\src-python\DataCollection\DataCollected/IMG0\Image_1667056270482123.jpg,0.0
C:\Users\Marcelo\Documents\CERTERO-TinySmartCar\src-python\DataCollection\DataCollected/IMG0\Image_1667056270562119.jpg,0.0
C:\Users\Marcelo\Documents\CERTERO-TinySmartCar\src-python\DataCollection\DataCollected/IMG0\Image_1667056270667847.jpg,0.28
C:\Users\Marcelo\Documents\CERTERO-TinySmartCar\src-python\DataCollection\DataCollected/IMG0\Image_1667056270782606.jpg,0.0
C:\Users\Marcelo\Documents\CERTERO-TinySmartCar\src-python\DataCollection\DataCollected/IMG0\Image_1667056270874607.jpg,0.0
C:\Users\Marcelo\Documents\CERTERO-TinySmartCar\src-python\DataCollection\DataCollected/IMG0\Image_1667056270975228.jpg,0.0
C:\Users\Marcelo\Documents\CERTERO-TinySmartCar\src-python\DataCollection\DataCollected/IMG0\Image_1667056271066356.jpg,0.0
C:\Users\Marcelo\Documents\CERTERO-TinySmartCar\src-python\DataCollection\DataCollected/IMG0\Image_1667056271178173.jpg,0.0
C:\Users\Marcelo\Documents\CERTERO-TinySmartCar\src-python\DataCollection\DataCollected/IMG0\Image_1667056271275353.jpg,0.0
C:\Users\Marcelo\Documents\CERTERO-TinySmartCar\src-python\DataCollection\DataCollected/IMG0\Image_1667056271366368.jpg,0.0
C:\Users\Marcelo\Documents\CERTERO-TinySmartCar\src-python\DataCollection\DataCollected/IMG0\Image_1667056271452363.jpg,0.0
C:\Users\Marcelo\Documents\CERTERO-TinySmartCar\src-python\DataCollection\DataCollected/IMG0\Image_1667056271553369.jpg,0.0
C:\Users\Marcelo\Documents\CERTERO-TinySmartCar\src-python\DataCollection\DataCollected/IMG0\Image_166705627168655.jpg,0.0
C:\Users\Marcelo\Documents\CERTERO-TinySmartCar\src-python\DataCollection\DataCollected/IMG0\Image_1667056271755446.jpg,0.0
C:\Users\Marcelo\Documents\CERTERO-TinySmartCar\src-python\DataCollection\DataCollected/IMG0\Image_1667056271860123.jpg,0.0
C:\Users\Marcelo\Documents\CERTERO-TinySmartCar\src-python\DataCollection\DataCollected/IMG0\Image_1667056271962481.jpg,0.0
C:\Users\Marcelo\Documents\CERTERO-TinySmartCar\src-python\DataCollection\DataCollected/IMG0\Image_1667056272055659.jpg,0.0
C:\Users\Marcelo\Documents\CERTERO-TinySmartCar\src-python\DataCollection\DataCollected/IMG0\Image_1667056272191213.jpg,0.0
C:\Users\Marcelo\Documents\CERTERO-TinySmartCar\src-python\DataCollection\DataCollected/IMG0\Image_1667056272254403.jpg,0.1
C:\Users\Marcelo\Documents\CERTERO-TinySmartCar\src-python\DataCollection\DataCollected/IMG0\Image_1667056272396706.jpg,-0.08
C:\Users\Marcelo\Documents\CERTERO-TinySmartCar\src-python\DataCollection\DataCollected/IMG0\Image_1667056272466093.jpg,-0.39
C:\Users\Marcelo\Documents\CERTERO-TinySmartCar\src-python\DataCollection\DataCollected/IMG0\Image_1667056272560273.jpg,0.0
C:\Users\Marcelo\Documents\CERTERO-TinySmartCar\src-python\DataCollection\DataCollected/IMG0\Image_1667056272663261.jpg,0.0
C:\Users\Marcelo\Documents\CERTERO-TinySmartCar\src-python\DataCollection\DataCollected/IMG0\Image_166705627278053.jpg,0.0
C:\Users\Marcelo\Documents\CERTERO-TinySmartCar\src-python\DataCollection\DataCollected/IMG0\Image_1667056272842521.jpg,0.0
C:\Users\Marcelo\Documents\CERTERO-TinySmartCar\src-python\DataCollection\DataCollected/IMG0\Image_1667056272947686.jpg,0.0
C:\Users\Marcelo\Documents\CERTERO-TinySmartCar\src-python\DataCollection\DataCollected/IMG0\Image_1667056273066243.jpg,-0.38
C:\Users\Marcelo\Documents\CERTERO-TinySmartCar\src-python\DataCollection\DataCollected/IMG0\Image_1667056273182394.jpg,-0.58
C:\Users\Marcelo\Documents\CERTERO-TinySmartCar\src-python\DataCollection\DataCollected/IMG0\Image_1667056273248392.jpg,0.0
C:\Users\Marcelo\Documents\CERTERO-TinySmartCar\src-python\DataCollection\DataCollected/IMG0\Image_1667056273368387.jpg,0.0
C:\Users\Marcelo\Documents\CERTERO-TinySmartCar\src-python\DataCollection\DataCollected/IMG0\Image_16670562734494.jpg,0.0
C:\Users\Marcelo\Documents\CERTERO-TinySmartCar\src-python\DataCollection\DataCollected/IMG0\Image_1667056273558391.jpg,0.0
C:\Users\Marcelo\Documents\CERTERO-TinySmartCar\src-python\DataCollection\DataCollected/IMG0\Image_16670562736584.jpg,0.0
C:\Users\Marcelo\Documents\CERTERO-TinySmartCar\src-python\DataCollection\DataCollected/IMG0\Image_1667056273758582.jpg,0.0
C:\Users\Marcelo\Documents\CERTERO-TinySmartCar\src-python\DataCollection\DataCollected/IMG0\Image_1667056273860652.jpg,0.0
C:\Users\Marcelo\Documents\CERTERO-TinySmartCar\src-python\DataCollection\DataCollected/IMG0\Image_1667056273957055.jpg,0.0
C:\Users\Marcelo\Documents\CERTERO-TinySmartCar\src-python\DataCollection\DataCollected/IMG0\Image_166705627406805.jpg,0.0
C:\Users\Marcelo\Documents\CERTERO-TinySmartCar\src-python\DataCollection\DataCollected/IMG0\Image_1667056274144212.jpg,0.0
C:\Users\Marcelo\Documents\CERTERO-TinySmartCar\src-python\DataCollection\DataCollected/IMG0\Image_1667056274253567.jpg,0.0
C:\Users\Marcelo\Documents\CERTERO-TinySmartCar\src-python\DataCollection\DataCollected/IMG0\Image_1667056274348575.jpg,0.0
C:\Users\Marcelo\Documents\CERTERO-TinySmartCar\src-python\DataCollection\DataCollected/IMG0\Image_1667056274471037.jpg,0.0
C:\Users\Marcelo\Documents\CERTERO-TinySmartCar\src-python\DataCollection\DataCollected/IMG1\Image_1667056283604338.jpg,0.0
C:\Users\Marcelo\Documents\CERTERO-TinySmartCar\src-python\DataCollection\DataCollected/IMG1\Image_1667056283622213.jpg,0.0
C:\Users\Marcelo\Documents\CERTERO-TinySmartCar\src-python\DataCollection\DataCollected/IMG1\Image_1667056283639457.jpg,0.0
C:\Users\Marcelo\Documents\CERTERO-TinySmartCar\src-python\DataCollection\DataCollected/IMG1\Image_1667056283673463.jpg,0.0
C:\Users\Marcelo\Documents\CERTERO-TinySmartCar\src-python\DataCollection\DataCollected/IMG1\Image_1667056283688641.jpg,0.0
C:\Users\Marcelo\Documents\CERTERO-TinySmartCar\src-python\DataCollection\DataCollected/IMG1\Image_1667056283703648.jpg,0.0
C:\Users\Marcelo\Documents\CERTERO-TinySmartCar\src-python\DataCollection\DataCollected/IMG1\Image_1667056283719301.jpg,0.0
C:\Users\Marcelo\Documents\CERTERO-TinySmartCar\src-python\DataCollection\DataCollected/IMG1\Image_166705628373431.jpg,0.0
C:\Users\Marcelo\Documents\CERTERO-TinySmartCar\src-python\DataCollection\DataCollected/IMG1\Image_1667056283749965.jpg,0.0
C:\Users\Marcelo\Documents\CERTERO-TinySmartCar\src-python\DataCollection\DataCollected/IMG1\Image_1667056283766282.jpg,0.0
C:\Users\Marcelo\Documents\CERTERO-TinySmartCar\src-python\DataCollection\DataCollected/IMG1\Image_1667056283781586.jpg,0.0
C:\Users\Marcelo\Documents\CERTERO-TinySmartCar\src-python\DataCollection\DataCollected/IMG1\Image_1667056283797577.jpg,0.0
C:\Users\Marcelo\Documents\CERTERO-TinySmartCar\src-python\DataCollection\DataCollected/IMG1\Image_166705628381258.jpg,0.0
C:\Users\Marcelo\Documents\CERTERO-TinySmartCar\src-python\DataCollection\DataCollected/IMG1\Image_1667056283827954.jpg,0.0
C:\Users\Marcelo\Documents\CERTERO-TinySmartCar\src-python\DataCollection\DataCollected/IMG1\Image_1667056283843185.jpg,0.0
C:\Users\Marcelo\Documents\CERTERO-TinySmartCar\src-python\DataCollection\DataCollected/IMG1\Image_1667056283873183.jpg,0.0
C:\Users\Marcelo\Documents\CERTERO-TinySmartCar\src-python\DataCollection\DataCollected/IMG1\Image_1667056283900035.jpg,0.0
C:\Users\Marcelo\Documents\CERTERO-TinySmartCar\src-python\DataCollection\DataCollected/IMG1\Image_1667056284186148.jpg,-0.07
C:\Users\Marcelo\Documents\CERTERO-TinySmartCar\src-python\DataCollection\DataCollected/IMG1\Image_1667056284201144.jpg,-0.07
C:\Users\Marcelo\Documents\CERTERO-TinySmartCar\src-python\DataCollection\DataCollected/IMG1\Image_1667056284215149.jpg,-0.07
C:\Users\Marcelo\Documents\CERTERO-TinySmartCar\src-python\DataCollection\DataCollected/IMG1\Image_1667056284230164.jpg,-0.07
C:\Users\Marcelo\Documents\CERTERO-TinySmartCar\src-python\DataCollection\DataCollected/IMG1\Image_1667056284245163.jpg,-0.07
C:\Users\Marcelo\Documents\CERTERO-TinySmartCar\src-python\DataCollection\DataCollected/IMG1\Image_1667056284259149.jpg,-0.07
C:\Users\Marcelo\Documents\CERTERO-TinySmartCar\src-python\DataCollection\DataCollected/IMG1\Image_166705628427416.jpg,-0.07
C:\Users\Marcelo\Documents\CERTERO-TinySmartCar\src-python\DataCollection\DataCollected/IMG1\Image_166705628429215.jpg,-0.07
C:\Users\Marcelo\Documents\CERTERO-TinySmartCar\src-python\DataCollection\DataCollected/IMG1\Image_1667056284337964.jpg,-0.07
C:\Users\Marcelo\Documents\CERTERO-TinySmartCar\src-python\DataCollection\DataCollected/IMG1\Image_1667056284354245.jpg,-0.15
C:\Users\Marcelo\Documents\CERTERO-TinySmartCar\src-python\DataCollection\DataCollected/IMG1\Image_1667056284405236.jpg,-0.15
C:\Users\Marcelo\Documents\CERTERO-TinySmartCar\src-python\DataCollection\DataCollected/IMG1\Image_1667056284444233.jpg,-0.15
C:\Users\Marcelo\Documents\CERTERO-TinySmartCar\src-python\DataCollection\DataCollected/IMG1\Image_1667056284478223.jpg,-0.15
C:\Users\Marcelo\Documents\CERTERO-TinySmartCar\src-python\DataCollection\DataCollected/IMG1\Image_1667056284499284.jpg,-0.15
C:\Users\Marcelo\Documents\CERTERO-TinySmartCar\src-python\DataCollection\DataCollected/IMG1\Image_1667056284541287.jpg,-0.29
C:\Users\Marcelo\Documents\CERTERO-TinySmartCar\src-python\DataCollection\DataCollected/IMG1\Image_1667056284560272.jpg,-0.29
C:\Users\Marcelo\Documents\CERTERO-TinySmartCar\src-python\DataCollection\DataCollected/IMG1\Image_1667056284602339.jpg,-0.29
C:\Users\Marcelo\Documents\CERTERO-TinySmartCar\src-python\DataCollection\DataCollected/IMG1\Image_1667056284627168.jpg,-0.29
C:\Users\Marcelo\Documents\CERTERO-TinySmartCar\src-python\DataCollection\DataCollected/IMG1\Image_1667056284662566.jpg,-0.29
C:\Users\Marcelo\Documents\CERTERO-TinySmartCar\src-python\DataCollection\DataCollected/IMG1\Image_1667056284726292.jpg,0.0
C:\Users\Marcelo\Documents\CERTERO-TinySmartCar\src-python\DataCollection\DataCollected/IMG1\Image_1667056284836479.jpg,0.0
C:\Users\Marcelo\Documents\CERTERO-TinySmartCar\src-python\DataCollection\DataCollected/IMG1\Image_1667056284919625.jpg,0.0
C:\Users\Marcelo\Documents\CERTERO-TinySmartCar\src-python\DataCollection\DataCollected/IMG1\Image_1667056285028779.jpg,0.0
C:\Users\Marcelo\Documents\CERTERO-TinySmartCar\src-python\DataCollection\DataCollected/IMG1\Image_1667056285130743.jpg,0.0
C:\Users\Marcelo\Documents\CERTERO-TinySmartCar\src-python\DataCollection\DataCollected/IMG1\Image_1667056285228743.jpg,0.07
C:\Users\Marcelo\Documents\CERTERO-TinySmartCar\src-python\DataCollection\DataCollected/IMG1\Image_1667056285339519.jpg,0.09
C:\Users\Marcelo\Documents\CERTERO-TinySmartCar\src-python\DataCollection\DataCollected/IMG1\Image_166705628542909.jpg,0.15
C:\Users\Marcelo\Documents\CERTERO-TinySmartCar\src-python\DataCollection\DataCollected/IMG1\Image_1667056285534074.jpg,0.24
C:\Users\Marcelo\Documents\CERTERO-TinySmartCar\src-python\DataCollection\DataCollected/IMG1\Image_1667056285647233.jpg,0.37
C:\Users\Marcelo\Documents\CERTERO-TinySmartCar\src-python\DataCollection\DataCollected/IMG1\Image_1667056285754473.jpg,0.0
C:\Users\Marcelo\Documents\CERTERO-TinySmartCar\src-python\DataCollection\DataCollected/IMG1\Image_1667056285828476.jpg,0.0
C:\Users\Marcelo\Documents\CERTERO-TinySmartCar\src-python\DataCollection\DataCollected/IMG1\Image_1667056285937612.jpg,0.0
C:\Users\Marcelo\Documents\CERTERO-TinySmartCar\src-python\DataCollection\DataCollected/IMG1\Image_1667056286039151.jpg,0.0
C:\Users\Marcelo\Documents\CERTERO-TinySmartCar\src-python\DataCollection\DataCollected/IMG1\Image_1667056286149339.jpg,0.0
C:\Users\Marcelo\Documents\CERTERO-TinySmartCar\src-python\DataCollection\DataCollected/IMG1\Image_1667056286240317.jpg,0.09
C:\Users\Marcelo\Documents\CERTERO-TinySmartCar\src-python\DataCollection\DataCollected/IMG1\Image_1667056286350696.jpg,-0.16
C:\Users\Marcelo\Documents\CERTERO-TinySmartCar\src-python\DataCollection\DataCollected/IMG1\Image_1667056286402205.jpg,-0.25
C:\Users\Marcelo\Documents\CERTERO-TinySmartCar\src-python\DataCollection\DataCollected/IMG1\Image_1667056286533082.jpg,-0.31
C:\Users\Marcelo\Documents\CERTERO-TinySmartCar\src-python\DataCollection\DataCollected/IMG1\Image_1667056286622393.jpg,0.0
C:\Users\Marcelo\Documents\CERTERO-TinySmartCar\src-python\DataCollection\DataCollected/IMG1\Image_1667056286735388.jpg,0.0
C:\Users\Marcelo\Documents\CERTERO-TinySmartCar\src-python\DataCollection\DataCollected/IMG1\Image_1667056286793385.jpg,0.0
C:\Users\Marcelo\Documents\CERTERO-TinySmartCar\src-python\DataCollection\DataCollected/IMG1\Image_1667056286907149.jpg,0.0
C:\Users\Marcelo\Documents\CERTERO-TinySmartCar\src-python\DataCollection\DataCollected/IMG2\Image_1667056292315281.jpg,0.0
C:\Users\Marcelo\Documents\CERTERO-TinySmartCar\src-python\DataCollection\DataCollected/IMG2\Image_1667056292332503.jpg,0.0
C:\Users\Marcelo\Documents\CERTERO-TinySmartCar\src-python\DataCollection\DataCollected/IMG2\Image_1667056292349897.jpg,0.0
C:\Users\Marcelo\Documents\CERTERO-TinySmartCar\src-python\DataCollection\DataCollected/IMG2\Image_1667056292367115.jpg,0.0
C:\Users\Marcelo\Documents\CERTERO-TinySmartCar\src-python\DataCollection\DataCollected/IMG2\Image_1667056292383106.jpg,0.0
C:\Users\Marcelo\Documents\CERTERO-TinySmartCar\src-python\DataCollection\DataCollected/IMG2\Image_1667056292399103.jpg,0.0
C:\Users\Marcelo\Documents\CERTERO-TinySmartCar\src-python\DataCollection\DataCollected/IMG2\Image_1667056292415402.jpg,0.0
C:\Users\Marcelo\Documents\CERTERO-TinySmartCar\src-python\DataCollection\DataCollected/IMG2\Image_1667056292431427.jpg,0.0
C:\Users\Marcelo\Documents\CERTERO-TinySmartCar\src-python\DataCollection\DataCollected/IMG2\Image_1667056292447415.jpg,0.0
C:\Users\Marcelo\Documents\CERTERO-TinySmartCar\src-python\DataCollection\DataCollected/IMG2\Image_1667056292463409.jpg,0.0
C:\Users\Marcelo\Documents\CERTERO-TinySmartCar\src-python\DataCollection\DataCollected/IMG2\Image_1667056292478649.jpg,0.0
C:\Users\Marcelo\Documents\CERTERO-TinySmartCar\src-python\DataCollection\DataCollected/IMG2\Image_1667056292494663.jpg,0.0
C:\Users\Marcelo\Documents\CERTERO-TinySmartCar\src-python\DataCollection\DataCollected/IMG2\Image_1667056292530036.jpg,0.0
C:\Users\Marcelo\Documents\CERTERO-TinySmartCar\src-python\DataCollection\DataCollected/IMG2\Image_1667056292545568.jpg,0.0
C:\Users\Marcelo\Documents\CERTERO-TinySmartCar\src-python\DataCollection\DataCollected/IMG2\Image_1667056292559578.jpg,0.0
C:\Users\Marcelo\Documents\CERTERO-TinySmartCar\src-python\DataCollection\DataCollected/IMG2\Image_1667056292580588.jpg,0.0
C:\Users\Marcelo\Documents\CERTERO-TinySmartCar\src-python\DataCollection\DataCollected/IMG2\Image_1667056292605737.jpg,0.0
C:\Users\Marcelo\Documents\CERTERO-TinySmartCar\src-python\DataCollection\DataCollected/IMG2\Image_1667056292635731.jpg,0.0
C:\Users\Marcelo\Documents\CERTERO-TinySmartCar\src-python\DataCollection\DataCollected/IMG2\Image_1667056292667273.jpg,0.0
C:\Users\Marcelo\Documents\CERTERO-TinySmartCar\src-python\DataCollection\DataCollected/IMG2\Image_1667056292690272.jpg,0.0
C:\Users\Marcelo\Documents\CERTERO-TinySmartCar\src-python\DataCollection\DataCollected/IMG2\Image_1667056292723276.jpg,0.0
C:\Users\Marcelo\Documents\CERTERO-TinySmartCar\src-python\DataCollection\DataCollected/IMG2\Image_1667056292750034.jpg,0.08
C:\Users\Marcelo\Documents\CERTERO-TinySmartCar\src-python\DataCollection\DataCollected/IMG2\Image_1667056292792747.jpg,0.08
C:\Users\Marcelo\Documents\CERTERO-TinySmartCar\src-python\DataCollection\DataCollected/IMG2\Image_1667056292815969.jpg,0.08
C:\Users\Marcelo\Documents\CERTERO-TinySmartCar\src-python\DataCollection\DataCollected/IMG2\Image_1667056292848192.jpg,0.08
C:\Users\Marcelo\Documents\CERTERO-TinySmartCar\src-python\DataCollection\DataCollected/IMG2\Image_1667056292902071.jpg,0.08
C:\Users\Marcelo\Documents\CERTERO-TinySmartCar\src-python\DataCollection\DataCollected/IMG2\Image_1667056292930069.jpg,0.08
C:\Users\Marcelo\Documents\CERTERO-TinySmartCar\src-python\DataCollection\DataCollected/IMG2\Image_1667056292956458.jpg,-0.12
C:\Users\Marcelo\Documents\CERTERO-TinySmartCar\src-python\DataCollection\DataCollected/IMG2\Image_1667056292988633.jpg,-0.12
C:\Users\Marcelo\Documents\CERTERO-TinySmartCar\src-python\DataCollection\DataCollected/IMG2\Image_1667056293111052.jpg,0.0
C:\Users\Marcelo\Documents\CERTERO-TinySmartCar\src-python\DataCollection\DataCollected/IMG2\Image_166705629312506.jpg,0.0
C:\Users\Marcelo\Documents\CERTERO-TinySmartCar\src-python\DataCollection\DataCollected/IMG2\Image_1667056293326335.jpg,0.0
C:\Users\Marcelo\Documents\CERTERO-TinySmartCar\src-python\DataCollection\DataCollected/IMG2\Image_1667056293356549.jpg,0.0
C:\Users\Marcelo\Documents\CERTERO-TinySmartCar\src-python\DataCollection\DataCollected/IMG2\Image_1667056293396549.jpg,0.0
C:\Users\Marcelo\Documents\CERTERO-TinySmartCar\src-python\DataCollection\DataCollected/IMG2\Image_1667056293418094.jpg,0.0
C:\Users\Marcelo\Documents\CERTERO-TinySmartCar\src-python\DataCollection\DataCollected/IMG2\Image_1667056293433613.jpg,0.0
C:\Users\Marcelo\Documents\CERTERO-TinySmartCar\src-python\DataCollection\DataCollected/IMG2\Image_1667056293487625.jpg,-0.1
C:\Users\Marcelo\Documents\CERTERO-TinySmartCar\src-python\DataCollection\DataCollected/IMG2\Image_1667056293601141.jpg,0.03
C:\Users\Marcelo\Documents\CERTERO-TinySmartCar\src-python\DataCollection\DataCollected/IMG2\Image_1667056293690723.jpg,0.27
C:\Users\Marcelo\Documents\CERTERO-TinySmartCar\src-python\DataCollection\DataCollected/IMG2\Image_166705629379801.jpg,0.49
C:\Users\Marcelo\Documents\CERTERO-TinySmartCar\src-python\DataCollection\DataCollected/IMG2\Image_1667056293881542.jpg,0.0
C:\Users\Marcelo\Documents\CERTERO-TinySmartCar\src-python\DataCollection\DataCollected/IMG2\Image_166705629401005.jpg,0.0
C:\Users\Marcelo\Documents\CERTERO-TinySmartCar\src-python\DataCollection\DataCollected/IMG2\Image_1667056294107048.jpg,0.0
C:\Users\Marcelo\Documents\CERTERO-TinySmartCar\src-python\DataCollection\DataCollected/IMG2\Image_1667056294217462.jpg,0.44
C:\Users\Marcelo\Documents\CERTERO-TinySmartCar\src-python\DataCollection\DataCollected/IMG2\Image_1667056294271395.jpg,-0.06
C:\Users\Marcelo\Documents\CERTERO-TinySmartCar\src-python\DataCollection\DataCollected/IMG2\Image_1667056294414752.jpg,-0.2
C:\Users\Marcelo\Documents\CERTERO-TinySmartCar\src-python\DataCollection\DataCollected/IMG2\Image_16670562945176.jpg,-0.54
C:\Users\Marcelo\Documents\CERTERO-TinySmartCar\src-python\DataCollection\DataCollected/IMG2\Image_166705629458959.jpg,-0.54
C:\Users\Marcelo\Documents\CERTERO-TinySmartCar\src-python\DataCollection\DataCollected/IMG2\Image_1667056294725338.jpg,-0.54
C:\Users\Marcelo\Documents\CERTERO-TinySmartCar\src-python\DataCollection\DataCollected/IMG2\Image_1667056294791716.jpg,0.0
C:\Users\Marcelo\Documents\CERTERO-TinySmartCar\src-python\DataCollection\DataCollected/IMG2\Image_1667056294880438.jpg,0.0
C:\Users\Marcelo\Documents\CERTERO-TinySmartCar\src-python\DataCollection\DataCollected/IMG2\Image_1667056295016032.jpg,0.0
C:\Users\Marcelo\Documents\CERTERO-TinySmartCar\src-python\DataCollection\DataCollected/IMG2\Image_1667056295076329.jpg,0.0
